,Original,Problem,Conversion
1,?,9,
2,ABNORMAL WARMTH,9,
3,ABNORMALLY DRY,6,DROUGHT
4,ABNORMALLY WET,9,
5,ACCUMULATED SNOWFALL,9,
6,AGRICULTURAL FREEZE,6,FROST/FREEZE
7,APACHE COUNTY,9,
8,ASTRONOMICAL HIGH TIDE,8,
9,ASTRONOMICAL LOW TIDE,0,
10,AVALANCE,4,AVALANCHE
11,AVALANCHE,0,
12,BEACH EROSIN,9,
13,BEACH EROSION,9,
14,BEACH EROSION/COASTAL FLOOD,6,COASTAL FLOOD
15,BEACH FLOOD,6,COASTAL FLOOD
16,BELOW NORMAL PRECIPITATION,6,DROUGHT
17,BITTER WIND CHILL,6,EXTREME COLD/WIND CHILL
18,BITTER WIND CHILL TEMPERATURES,6,EXTREME COLD/WIND CHILL
19,BLACK ICE,7,WINTER WEATHER
20,BLIZZARD,0,
21,BLIZZARD AND EXTREME WIND CHIL,6,BLIZZARD AND EXTREME COLD/WIND CHILL
22,BLIZZARD AND HEAVY SNOW,0,
23,BLIZZARD SUMMARY,6,BLIZZARD
24,BLIZZARD WEATHER,6,BLIZZARD
25,BLIZZARD/FREEZING RAIN,7,BLIZZARD
26,BLIZZARD/HEAVY SNOW,7,BLIZZARD
27,BLIZZARD/HIGH WIND,7,BLIZZARD
28,BLIZZARD/WINTER STORM,7,BLIZZARD
29,BLOW-OUT TIDE,8,
30,BLOW-OUT TIDES,8,
31,BLOWING DUST,6,DUST STORM
32,BLOWING SNOW,6,WINTER WEATHER
33,BLOWING SNOW- EXTREME WIND CHI,6,WINTER WEATHER AND EXTREME COLD/WIND CHILL
34,BLOWING SNOW & EXTREME WIND CH,6,WINTER WEATHER AND EXTREME COLD/WIND CHILL
35,BLOWING SNOW/EXTREME WIND CHIL,6,WINTER WEATHER AND EXTREME COLD/WIND CHILL
36,BREAKUP FLOODING,6,FLOOD
37,BRUSH FIRE,6,WILDFIRE
38,BRUSH FIRES,6,WILDFIRE
39,COASTAL  FLOODING/EROSION,6,COASTAL FLOOD
40,COASTAL EROSION,8,
41,COASTAL FLOOD,0,
42,COASTAL FLOODING,6,COASTAL FLOOD
43,COASTAL FLOODING/EROSION,6,COASTAL FLOOD
44,COASTAL STORM,9,
45,COASTAL SURGE,6,STORM SURGE/TIDE
46,COASTAL/TIDAL FLOOD,6,COASTAL FLOOD
47,COASTALFLOOD,4,COASTAL FLOOD
48,COASTALSTORM,9,
49,COLD,6,COLD/WIND CHILL
50,COLD AIR FUNNEL,6,FUNNEL CLOUD
51,COLD AIR FUNNELS,6,FUNNEL CLOUD
52,COLD AIR TORNADO,6,TORNADO
53,COLD AND FROST,6,COLD/WIND CHILL AND FROST/FREEZE
54,COLD AND SNOW,6,WINTER WEATHER AND COLD/WIND CHILL
55,COLD AND WET CONDITIONS,6,WINTER WEATHER
56,COLD TEMPERATURE,6,COLD/WIND CHILL
57,COLD TEMPERATURES,6,COLD/WIND CHILL
58,COLD WAVE,6,COLD/WIND CHILL
59,COLD WEATHER,6,COLD/WIND CHILL
60,COLD WIND CHILL TEMPERATURES,5,COLD/WIND CHILL
61,COLD/WIND CHILL,0,
62,COLD/WINDS,6,COLD/WIND CHILL
63,COOL AND WET,8,
64,COOL SPELL,8,
65,CSTL FLOODING/EROSION,6,COASTAL FLOOD
66,DAM BREAK,6,FLOOD
67,DAM FAILURE,6,FLOOD
68,DAMAGING FREEZE,6,FROST/FREEZE
69,DEEP HAIL,6,HAIL
70,DENSE FOG,0,
71,DENSE SMOKE,0,
72,DOWNBURST,6,HEAVY WIND
73,DOWNBURST WINDS,6,HEAVY WIND
74,DRIEST MONTH,9,
75,DRIFTING SNOW,6,WINTER WEATHER
76,DROUGHT,0,
77,DROUGHT/EXCESSIVE HEAT,4,DROUGHT AND EXCESSIVE HEAT
78,DROWNING,9,
79,DRY,6,DROUGHT
80,DRY CONDITIONS,6,DROUGHT
81,DRY HOT WEATHER,6,DROUGTH AND HEAT
82,DRY MICROBURST,6,THUNDERSTORM WIND
83,DRY MICROBURST 50,6,THUNDERSTORM WIND
84,DRY MICROBURST 53,6,THUNDERSTORM WIND
85,DRY MICROBURST 58,6,THUNDERSTORM WIND
86,DRY MICROBURST 61,6,THUNDERSTORM WIND
87,DRY MICROBURST 84,6,THUNDERSTORM WIND
88,DRY MICROBURST WINDS,6,THUNDERSTORM WIND
89,DRY MIRCOBURST WINDS,6,THUNDERSTORM WIND
90,DRY PATTERN,6,DROUGHT
91,DRY SPELL,6,DROUGHT
92,DRY WEATHER,6,DROUGHT
93,DRYNESS,6,DROUGHT
94,DUST DEVEL,4,DUST DEVIL
95,DUST DEVIL,0,
96,DUST DEVIL WATERSPOUT,0,
97,DUST STORM,0,
98,DUST STORM/HIGH WINDS,4,DUST STORM AND HIGH WIND
99,DUSTSTORM,4,DUST STORM
100,EARLY FREEZE,5,FROST/FREEZE
101,EARLY FROST,5,FROST/FREEZE
102,EARLY RAIN,8,
103,EARLY SNOW,5,WINTER WEATHER
104,EARLY SNOWFALL,5,WINTER WEATHER
105,EROSION/CSTL FLOOD,4,COASTAL FLOOD
106,EXCESSIVE,9,
107,EXCESSIVE COLD,6,COLD/WIND CHILL
108,EXCESSIVE HEAT,0,
109,EXCESSIVE HEAT/DROUGHT,4,EXCESSIVE HEAT AND DROUGHT
110,EXCESSIVE PRECIPITATION,9,
111,EXCESSIVE RAIN,6,HEAVY RAIN
112,EXCESSIVE RAINFALL,6,HEAVY RAIN
113,EXCESSIVE SNOW,6,HEAVY SNOW
114,EXCESSIVE WETNESS,8,
115,EXCESSIVELY DRY,6,DROUGHT
116,EXTENDED COLD,6,COLD/WIND CHILL
117,EXTREME COLD,6,EXTREME COLD/WIND CHILL
118,EXTREME COLD/WIND CHILL,0,
119,EXTREME HEAT,6,EXCESSIVE HEAT
120,EXTREME WIND CHILL,6,EXTREME COLD/WIND CHILL
121,EXTREME WIND CHILL/BLOWING SNO,6,EXTREME COLD/WIND CHILL AND WINTER WEATHER
122,EXTREME WIND CHILLS,4,EXTREME COLD/WIND CHILL
123,EXTREME WINDCHILL,4,EXTREME COLD/WIND CHILL
124,EXTREME WINDCHILL TEMPERATURES,5,EXTREME COLD/WIND CHILL
125,EXTREME/RECORD COLD,6,EXTREME COLD/WIND CHILL
126,EXTREMELY WET,8,
127,FALLING SNOW/ICE,8,
128,FIRST FROST,6,FROST/FREEZE
129,FIRST SNOW,6,WINTER WEATHER
130,FLASH FLOOD,0,
131,FLASH FLOOD - HEAVY RAIN,4,FLASH FLOOD AND HEAVY RAIN
132,FLASH FLOOD FROM ICE JAMS,5,FLASH FLOOD
133,FLASH FLOOD LANDSLIDES,6,FLASH FLOOD AND DEBRIS FLOW
134,FLASH FLOOD WINDS,6,FLASH FLOOD AND HIGH WIND
135,FLASH FLOOD/,4,FLASH FLOOD
136,FLASH FLOOD/ FLOOD,7,FLASH FLOOD
137,FLASH FLOOD/ STREET,5,FLASH FLOOD
138,FLASH FLOOD/FLOOD,7,FLASH FLOOD
139,FLASH FLOOD/HEAVY RAIN,4,FLASH FLOOD AND HEAVY RAIN
140,FLASH FLOOD/LANDSLIDE,6,FLASH FLOOD AND DEBRIS FLOW
141,FLASH FLOODING,4,FLASH FLOOD
142,FLASH FLOODING/FLOOD,7,FLASH FLOOD
143,FLASH FLOODING/THUNDERSTORM WI,4,FLASH FLOOD AND THUNDERSTORM WIND
144,FLASH FLOODS,4,FLASH FLOOD
145,FLASH FLOOODING,4,FLASH FLOOD
146,FLOOD,0,
147,FLOOD & HEAVY RAIN,0,
148,FLOOD FLASH,4,FLASH FLOOD
149,FLOOD FLOOD/FLASH,7,FLASH FLOOD
150,FLOOD WATCH/,8,
151,FLOOD/FLASH,4,FLASH FLOOD
152,FLOOD/FLASH FLOOD,7,FLASH FLOOD
153,FLOOD/FLASH FLOODING,7,FLASH FLOOD
154,FLOOD/FLASH/FLOOD,7,FLASH FLOOD
155,FLOOD/FLASHFLOOD,7,FLASH FLOOD
156,FLOOD/RAIN/WIND,7,FLOOD AND HIGH WIND
157,FLOOD/RAIN/WINDS,7,FLOOD AND HIGH WIND
158,FLOOD/RIVER FLOOD,5,FLOOD
159,FLOOD/STRONG WIND,4,FLOOD AND STRONG WIND
160,FLOODING,4,FLOOD
161,FLOODING/HEAVY RAIN,4,FLOOD AND HEAVY RAIN
162,FLOODS,4,FLOOD
163,FOG,6,DENSE FOG
164,FOG AND COLD TEMPERATURES,6,COLD/WIND CHILL AND DENSE FOG
165,FOREST FIRES,6,WILDFIRE
166,FREEZE,6,FROST/FREEZE
167,FREEZING DRIZZLE,6,WINTER WEATHER
168,FREEZING DRIZZLE AND FREEZING,6,WINTER WEATHER
169,FREEZING FOG,0,
170,FREEZING RAIN,6,WINTER WEATHER
171,FREEZING RAIN AND SLEET,6,WINTER WEATHER
172,FREEZING RAIN AND SNOW,6,WINTER WEATHER
173,FREEZING RAIN SLEET AND,6,WINTER WEATHER AND SLEET
174,FREEZING RAIN SLEET AND LIGHT,6,WINTER WEATHER AND SLEET
175,FREEZING RAIN/SLEET,6,WINTER WEATHER AND SLEET
176,FREEZING RAIN/SNOW,6,WINTER WEATHER
177,FREEZING SPRAY,8,
178,FROST,6,FROST/FREEZE
179,FROST/FREEZE,0,
180,FROST\FREEZE,4,FROST/FREEZE
181,FUNNEL,4,FUNNEL CLOUD
182,FUNNEL CLOUD,0,
183,FUNNEL CLOUD.,4,FUNNEL CLOUD
184,FUNNEL CLOUD/HAIL,4,FUNNEL CLOUD AND HAIL
185,FUNNEL CLOUDS,4,FUNNEL CLOUD
186,FUNNELS,4,FUNNEL CLOUD
187,GLAZE,9,
188,GLAZE ICE,6,WINTER WEATHER
189,GLAZE/ICE STORM,7,ICE STORM
190,GRADIENT WIND,8,
191,GRADIENT WINDS,8,
192,GRASS FIRES,6,WILDFIRE
193,GROUND BLIZZARD,8,
194,GUSTNADO,6,THUNDERSTORM WIND
195,GUSTNADO AND,6,THUNDERSTORM WIND
196,GUSTY LAKE WIND,6,MARINE STRONG WIND
197,GUSTY THUNDERSTORM WIND,5,THUNDERSTORM WIND
198,GUSTY THUNDERSTORM WINDS,5,THUNDERSTORM WIND
199,GUSTY WIND,6,STRONG WIND
200,GUSTY WIND/HAIL,6,STRONG WIND AND HAIL
201,GUSTY WIND/HVY RAIN,6,STRONG WIND AND HEAVY RAIN
202,GUSTY WIND/RAIN,6,STRONG WIND
203,GUSTY WINDS,6,STRONG WIND
204,HAIL,0,
205,HAIL 0.75,5,HAIL
206,HAIL 0.88,5,HAIL
207,HAIL 075,5,HAIL
208,HAIL 088,5,HAIL
209,HAIL 1.00,5,HAIL
210,HAIL 1.75,5,HAIL
211,HAIL 1.75),5,HAIL
212,HAIL 100,5,HAIL
213,HAIL 125,5,HAIL
214,HAIL 150,5,HAIL
215,HAIL 175,5,HAIL
216,HAIL 200,5,HAIL
217,HAIL 225,5,HAIL
218,HAIL 275,5,HAIL
219,HAIL 450,5,HAIL
220,HAIL 75,5,HAIL
221,HAIL 80,5,HAIL
222,HAIL 88,5,HAIL
223,HAIL ALOFT,5,HAIL
224,HAIL DAMAGE,5,HAIL
225,HAIL FLOODING,6,HAIL AND FLOOD
226,HAIL STORM,6,HAIL
227,HAIL(0.75),5,HAIL
228,HAIL/ICY ROADS,6,HAIL AND WINTER WEATHER
229,HAIL/WIND,6,HAIL AND HIGH WIND
230,HAIL/WINDS,6,HAIL AND HIGH WIND
231,HAILSTORM,6,HAIL
232,HAILSTORMS,6,HAIL
233,HARD FREEZE,6,FROST/FREEZE
234,HAZARDOUS SURF,6,HIGH SURF
235,HEAT,0,
236,HEAT DROUGHT,0,
237,HEAT WAVE,5,HEAT
238,HEAT WAVE DROUGHT,5,HEAT AND DROUGHT
239,HEAT WAVES,5,HEAT
240,HEAT/DROUGHT,5,HEAT AND DROUGHT
241,HEATBURST,5,HEAT
242,HEAVY LAKE SNOW,6,LAKE-EFFECT SNOW
243,HEAVY MIX,6,WINTER WEATHER
244,HEAVY PRECIPATATION,9,
245,HEAVY PRECIPITATION,9,
246,HEAVY RAIN,0,
247,HEAVY RAIN AND FLOOD,0,
248,HEAVY RAIN AND WIND,6,HEAVY RAIN AND HIGH WIND
249,HEAVY RAIN EFFECTS,5,HEAVY RAIN
250,HEAVY RAIN/FLOODING,4,HEAVY RAIN AND FLOOD
251,HEAVY RAIN/HIGH SURF,4,HEAVY RAIN AND HIGH SURF
252,HEAVY RAIN/LIGHTNING,4,HEAVY RAIN AND LIGHTNING
253,HEAVY RAIN/MUDSLIDES/FLOOD,6,HEAVY RAIN AND DEBRIS FLOW AND FLOOD
254,HEAVY RAIN/SEVERE WEATHER,7,HEAVY RAIN
255,HEAVY RAIN/SMALL STREAM URBAN,7,HEAVY RAIN
256,HEAVY RAIN/SNOW,6,WINTER WEATHER
257,HEAVY RAIN/URBAN FLOOD,5,HEAVY RAIN AND FLOOD
258,HEAVY RAIN/WIND,6,HEAVY RAIN AND HIGH WIND
259,HEAVY RAIN; URBAN FLOOD WINDS;,6,HEAVY RAIN AND FLOOD AND HIGH WIND
260,HEAVY RAINFALL,4,HEAVY RAIN
261,HEAVY RAINS,4,HEAVY RAIN
262,HEAVY RAINS/FLOODING,4,HEAVY RAIN AND FLOOD
263,HEAVY SEAS,8,
264,HEAVY SHOWER,6,HEAVY RAIN
265,HEAVY SHOWERS,6,HEAVY RAIN
266,HEAVY SNOW,0,
267,HEAVY SNOW-SQUALLS,5,HEAVY SNOW AND HIGH WIND
268,HEAVY SNOW   FREEZING RAIN,6,HEAVY SNOW AND WINTER WEATHER
269,HEAVY SNOW & ICE,6,HEAVY SNOW AND WINTER WEATHER
270,HEAVY SNOW AND,0,
271,HEAVY SNOW AND HIGH WINDS,4,HEAVY SNOW AND HIGH WIND
272,HEAVY SNOW AND ICE,6,HEAVY SNOW AND WINTER WEATHER
273,HEAVY SNOW AND ICE STORM,0,
274,HEAVY SNOW AND STRONG WINDS,4,HEAVY SNOW AND STRONG WIND
275,HEAVY SNOW ANDBLOWING SNOW,6,HEAVY SNOW AND WINTER WEATHER
276,HEAVY SNOW SHOWER,5,HEAVY SNOW
277,HEAVY SNOW SQUALLS,5,HEAVY SNOW AND HIGH WIND
278,HEAVY SNOW/BLIZZARD,7,BLIZZARD
279,HEAVY SNOW/BLIZZARD/AVALANCHE,7,BLIZZARD AND AVALANCHE
280,HEAVY SNOW/BLOWING SNOW,6,HEAVY SNOW
281,HEAVY SNOW/FREEZING RAIN,6,HEAVY SNOW AND WINTER WEATHER
282,HEAVY SNOW/HIGH,4,HEAVY SNOW
283,HEAVY SNOW/HIGH WIND,4,HEAVY SNOW AND HIGH WIND
284,HEAVY SNOW/HIGH WINDS,4,HEAVY SNOW AND HIGH WIND
285,HEAVY SNOW/HIGH WINDS & FLOOD,4,HEAVY SNOW AND HIGH WIND AND FLOOD
286,HEAVY SNOW/HIGH WINDS/FREEZING,4,HEAVY SNOW AND HIGH WIND
287,HEAVY SNOW/ICE,6,HEAVY SNOW AND WINTER WEATHER
288,HEAVY SNOW/ICE STORM,4,HEAVY SNOW AND ICE STORM
289,HEAVY SNOW/SLEET,4,HEAVY SNOW AND SLEET
290,HEAVY SNOW/SQUALLS,6,HEAVY SNOW AND HIGH WIND
291,HEAVY SNOW/WIND,6,HEAVY SNOW AND HIGH WIND
292,HEAVY SNOW/WINTER STORM,4,HEAVY SNOW AND WINTER STORM
293,HEAVY SNOWPACK,8,
294,HEAVY SURF,6,HIGH SURF
295,HEAVY SURF AND WIND,6,HIGH SURF AND HIGH WIND
296,HEAVY SURF COASTAL FLOODING,6,HIGH SURF AND COASTAL FLOOD
297,HEAVY SURF/HIGH SURF,6,HIGH SURF
298,HEAVY SWELLS,8,
299,HEAVY WET SNOW,5,HEAVY SNOW
300,HIGH,9,
301,HIGH  SWELLS,6,HIGH SURF
302,HIGH  WINDS,4,HIGH WIND
303,HIGH SEAS,8,
304,HIGH SURF,0,
305,HIGH SURF ADVISORIES,8,
306,HIGH SURF ADVISORY,8,
307,HIGH SWELLS,8,
308,HIGH TEMPERATURE RECORD,6,HEAT
309,HIGH TIDES,8,
310,HIGH WATER,8,
311,HIGH WAVES,9,
312,HIGH WIND,0,
313,HIGH WIND (G40),5,HIGH WIND
314,HIGH WIND 48,5,HIGH WIND
315,HIGH WIND 63,5,HIGH WIND
316,HIGH WIND 70,5,HIGH WIND
317,HIGH WIND AND HEAVY SNOW,0,
318,HIGH WIND AND HIGH TIDES,8,HIGH WIND
319,HIGH WIND AND SEAS,9,HIGH WIND
320,HIGH WIND DAMAGE,5,HIGH WIND
321,HIGH WIND/ BLIZZARD,7,BLIZZARD
322,HIGH WIND/BLIZZARD,7,BLIZZARD
323,HIGH WIND/BLIZZARD/FREEZING RA,7,BLIZZARD
324,HIGH WIND/HEAVY SNOW,4,HEAVY SNOW AND HIGH WIND
325,HIGH WIND/LOW WIND CHILL,6,HIGH WIND AND COLD/WIND CHILL
326,HIGH WIND/SEAS,8,HIGH WIND AND HIGH SURF
327,HIGH WIND/WIND CHILL,6,HIGH WIND AND COLD/WIND CHILL
328,HIGH WIND/WIND CHILL/BLIZZARD,7,BLIZZARD
329,HIGH WINDS,4,HIGH WIND
330,HIGH WINDS 55,5,HIGH WIND
331,HIGH WINDS 57,5,HIGH WIND
332,HIGH WINDS 58,5,HIGH WIND
333,HIGH WINDS 63,5,HIGH WIND
334,HIGH WINDS 66,5,HIGH WIND
335,HIGH WINDS 67,5,HIGH WIND
336,HIGH WINDS 73,5,HIGH WIND
337,HIGH WINDS 76,5,HIGH WIND
338,HIGH WINDS 80,5,HIGH WIND
339,HIGH WINDS 82,5,HIGH WIND
340,HIGH WINDS AND WIND CHILL,6,HIGH WIND AND COLD/WIND CHILL
341,HIGH WINDS DUST STORM,7,DUST STORM
342,HIGH WINDS HEAVY RAINS,4,HIGH WIND AND HEAVY RAIN
343,HIGH WINDS/,4,HIGH WIND
344,HIGH WINDS/COASTAL FLOOD,4,HIGH WIND AND COASTAL FLOOD
345,HIGH WINDS/COLD,6,HIGH WIND AND COLD/WIND CHILL
346,HIGH WINDS/FLOODING,4,HIGH WIND AND FLOOD
347,HIGH WINDS/HEAVY RAIN,4,HIGH WIND AND HEAVY RAIN
348,HIGH WINDS/SNOW,6,HIGH WIND AND WINTER WEATHER
349,HIGHWAY FLOODING,5,FLOOD
350,HOT AND DRY,6,HEAT AND DROUGHT
351,HOT PATTERN,6,HEAT
352,HOT SPELL,6,HEAT
353,HOT WEATHER,6,HEAT
354,HOT/DRY PATTERN,6,HEAT AND DROUGHT
355,HURRICANE,0,
356,HURRICANE-GENERATED SWELLS,7,HURRICANE (TYPHOON)
357,HURRICANE EDOUARD,5,HURRICANE (TYPHOON)
358,HURRICANE EMILY,5,HURRICANE (TYPHOON)
359,HURRICANE ERIN,5,HURRICANE (TYPHOON)
360,HURRICANE FELIX,5,HURRICANE (TYPHOON)
361,HURRICANE GORDON,5,HURRICANE (TYPHOON)
362,HURRICANE OPAL,5,HURRICANE (TYPHOON)
363,HURRICANE OPAL/HIGH WINDS,5,HURRICANE (TYPHOON)
364,HURRICANE/TYPHOON,5,HURRICANE (TYPHOON)
365,HVY RAIN,4,HEAVY RAIN
366,HYPERTHERMIA/EXPOSURE,8,
367,HYPOTHERMIA,8,
368,HYPOTHERMIA/EXPOSURE,8,
369,ICE,6,WINTER WEATHER
370,ICE AND SNOW,6,WINTER WEATHER
371,ICE FLOES,8,
372,ICE FOG,6,FREEZING FOG
373,ICE JAM,6,FLOOD
374,ICE JAM FLOOD (MINOR,6,FLOOD
375,ICE JAM FLOODING,6,FLOOD
376,ICE ON ROAD,6,WINTER WEATHER
377,ICE PELLETS,6,WINTER WEATHER
378,ICE ROADS,6,WINTER WEATHER
379,ICE STORM,0,
380,ICE STORM AND SNOW,6,ICE STORM AND WINTER WEATHER
381,ICE STORM/FLASH FLOOD,4,ICE STORM AND FLASH FLOOD
382,ICE/SNOW,6,WINTER WEATHER
383,ICE/STRONG WINDS,6,WINTER WEATHER AND STRONG WIND
384,ICESTORM/BLIZZARD,4,ICE STORM AND BLIZZARD
385,ICY ROADS,6,WINTER WEATHER
386,LACK OF SNOW,8,
387,LAKE-EFFECT SNOW,0,
388,LAKE EFFECT SNOW,4,LAKE-EFFECT SNOW
389,LAKE FLOOD,6,COASTAL FLOOD
390,LAKESHORE FLOOD,6,COASTAL FLOOD
391,LANDSLIDE,6,DEBRIS FLOW
392,LANDSLIDE/URBAN FLOOD,6,DEBRIS FLOW AND FLOOD
393,LANDSLIDES,6,DEBRIS FLOW
394,LANDSLUMP,6,DEBRIS FLOW
395,LANDSPOUT,6,TORNADO
396,LARGE WALL CLOUD,8,
397,LATE-SEASON SNOWFALL,5,WINTER WEATHER
398,LATE FREEZE,5,FROST/FREEZE
399,LATE SEASON HAIL,5,HAIL
400,LATE SEASON SNOW,5,WINTER WEATHER
401,LATE SEASON SNOWFALL,5,WINTER WEATHER
402,LATE SNOW,5,WINTER WEATHER
403,LIGHT FREEZING RAIN,6,WINTER WEATHER
404,LIGHT SNOW,6,WINTER WEATHER
405,LIGHT SNOW AND SLEET,6,WINTER WEATHER AND SLEET
406,LIGHT SNOW/FLURRIES,6,WINTER WEATHER
407,LIGHT SNOW/FREEZING PRECIP,6,WINTER WEATHER
408,LIGHT SNOWFALL,6,WINTER WEATHER
409,LIGHTING,4,LIGHTNING
410,LIGHTNING,0,
411,LIGHTNING  WAUSEON,5,LIGHTNING
412,LIGHTNING AND HEAVY RAIN,0,
413,LIGHTNING AND THUNDERSTORM WIN,4,LIGHTNING AND THUNDERSTORM WIND
414,LIGHTNING AND WINDS,6,LIGHTNING AND THUNDERSTORM WIND
415,LIGHTNING DAMAGE,6,LIGHTNING
416,LIGHTNING FIRE,6,LIGHTNING
417,LIGHTNING INJURY,6,LIGHTNING
418,LIGHTNING THUNDERSTORM WINDS,6,LIGHTNING AND THUNDERSTORM WIND
419,LIGHTNING THUNDERSTORM WINDSS,6,LIGHTNING AND THUNDERSTORM WIND
420,LIGHTNING.,4,LIGHTNING
421,LIGHTNING/HEAVY RAIN,4,LIGHTNING AND HEAVY RAIN
422,LIGNTNING,4,LIGHTNING
423,LOCAL FLASH FLOOD,5,FLASH FLOOD
424,LOCAL FLOOD,5,FLOOD
425,LOCALLY HEAVY RAIN,5,HEAVY RAIN
426,LOW TEMPERATURE,9,
427,LOW TEMPERATURE RECORD,6,COLD/WIND CHILL
428,LOW WIND CHILL,6,COLD/WIND CHILL
429,MAJOR FLOOD,5,FLOOD
430,MARINE ACCIDENT,8,
431,MARINE HAIL,0,
432,MARINE HIGH WIND,0,
433,MARINE MISHAP,8,
434,MARINE STRONG WIND,0,
435,MARINE THUNDERSTORM WIND,0,
436,"METRO STORM, MAY 26",9,
437,MICROBURST,6,THUNDERSTORM WIND
438,MICROBURST WINDS,6,THUNDERSTORM WIND
439,MILD AND DRY PATTERN,6,DROUGHT
440,MILD PATTERN,8,
441,MILD/DRY PATTERN,6,DROUGHT
442,MINOR FLOOD,5,FLOOD
443,MINOR FLOODING,5,FLOOD
444,MIXED PRECIP,6,WINTER WEATHER
445,MIXED PRECIPITATION,6,WINTER WEATHER
446,MODERATE SNOW,6,WINTER WEATHER
447,MODERATE SNOWFALL,6,WINTER WEATHER
448,MONTHLY PRECIPITATION,9,
449,MONTHLY RAINFALL,9,
450,MONTHLY SNOWFALL,9,
451,MONTHLY TEMPERATURE,9,
452,MOUNTAIN SNOWS,9,
453,MUD SLIDE,6,DEBRIS FLOW
454,MUD SLIDES,6,DEBRIS FLOW
455,MUD SLIDES URBAN FLOODING,6,DEBRIS FLOW AND FLOOD
456,MUD/ROCK SLIDE,6,DEBRIS FLOW
457,MUDSLIDE,6,DEBRIS FLOW
458,MUDSLIDE/LANDSLIDE,6,DEBRIS FLOW
459,MUDSLIDES,6,DEBRIS FLOW
460,NEAR RECORD SNOW,5,HEAVY SNOW
461,NO SEVERE WEATHER,8,
462,NON-SEVERE WIND DAMAGE,6,HIGH WIND
463,NON-THUNDERSTORM WIND,6,HIGH WIND
464,NON SEVERE HAIL,5,HAIL
465,NON THUNDERSTORM WIND,6,HIGH WIND
466,NONE,8,
467,NORMAL PRECIPITATION,8,
468,NORTHERN LIGHTS,8,
469,OTHER,9,
470,PATCHY DENSE FOG,5,DENSE FOG
471,PATCHY ICE,6,WINTER WEATHER
472,PROLONG COLD,5,COLD/WIND CHILL
473,PROLONG COLD/SNOW,5,COLD/WIND CHILL AND WINTER WEATHER
474,PROLONG WARMTH,9,
475,PROLONGED RAIN,9,
476,RAIN,9,
477,RAIN (HEAVY),6,HEAVY RAIN
478,RAIN AND WIND,6,HIGH WIND
479,RAIN DAMAGE,9,
480,RAIN/SNOW,6,WINTER WEATHER
481,RAIN/WIND,6,HIGH WIND
482,RAINSTORM,6,HEAVY RAIN
483,RAPIDLY RISING WATER,9,
484,RECORD  COLD,5,COLD/WIND CHILL
485,RECORD COLD,5,COLD/WIND CHILL
486,RECORD COLD AND HIGH WIND,5,COLD/WIND CHILL AND HIGH WIND
487,RECORD COLD/FROST,5,COLD/WIND CHILL AND FROST/FREEZE
488,RECORD COOL,6,COLD/WIND CHILL
489,RECORD DRY MONTH,6,DROUGHT
490,RECORD DRYNESS,6,DROUGHT
491,RECORD HEAT,5,HEAT
492,RECORD HEAT WAVE,5,HEAT
493,RECORD HIGH,6,HEAT
494,RECORD HIGH TEMPERATURE,6,HEAT
495,RECORD HIGH TEMPERATURES,6,HEAT
496,RECORD LOW,6,COLD/WIND CHILL
497,RECORD LOW RAINFALL,6,DROUGHT
498,RECORD MAY SNOW,6,WINTER WEATHER
499,RECORD PRECIPITATION,9,
500,RECORD RAINFALL,9,
501,RECORD SNOW,9,
502,RECORD SNOW/COLD,6,COLD/WIND CHILL
503,RECORD SNOWFALL,9,
504,RECORD TEMPERATURE,9,
505,RECORD TEMPERATURES,9,
506,RECORD WARM,6,HEAT
507,RECORD WARM TEMPS.,6,HEAT
508,RECORD WARMTH,6,HEAT
509,RECORD WINTER SNOW,9,
510,RECORD/EXCESSIVE HEAT,6,EXCESSIVE HEAT
511,RECORD/EXCESSIVE RAINFALL,6,HEAVY RAIN
512,RED FLAG CRITERIA,8,
513,RED FLAG FIRE WX,8,
514,REMNANTS OF FLOYD,9,
515,RIP CURRENT,0,
516,RIP CURRENTS,4,RIP CURRENT
517,RIP CURRENTS HEAVY SURF,6,RIP CURRENT AND HIGH SURF
518,RIP CURRENTS/HEAVY SURF,6,RIP CURRENT AND HIGH SURF
519,RIVER AND STREAM FLOOD,5,FLOOD
520,RIVER FLOOD,5,FLOOD
521,RIVER FLOODING,5,FLOOD
522,ROCK SLIDE,6,DEBRIS FLOW
523,ROGUE WAVE,8,
524,ROTATING WALL CLOUD,8,
525,ROUGH SEAS,8,
526,ROUGH SURF,6,HIGH SURF
527,RURAL FLOOD,5,FLOOD
528,SAHARAN DUST,8,
529,SEASONAL SNOWFALL,9,
530,SEICHE,0,
531,SEVERE COLD,6,EXTREME COLD/WIND CHILL
532,SEVERE THUNDERSTORM,6,LIGHTNING
533,SEVERE THUNDERSTORM WINDS,6,LIGHTNING AND THUNDERSTORM WIND
534,SEVERE THUNDERSTORMS,6,LIGHTNING
535,SEVERE TURBULENCE,8,
536,SLEET,0,
537,SLEET & FREEZING RAIN,6,SLEET AND WINTER WEATHER
538,SLEET STORM,6,SLEET
539,SLEET/FREEZING RAIN,6,SLEET AND WINTER WEATHER
540,SLEET/ICE STORM,4,SLEET AND ICE STORM
541,SLEET/RAIN/SNOW,6,SLEET AND WINTER WEATHER
542,SLEET/SNOW,6,SLEET AND WINTER WEATHER
543,SMALL HAIL,5,HAIL
544,SMALL STREAM,5,FLOOD
545,SMALL STREAM AND,5,FLOOD
546,SMALL STREAM AND URBAN FLOOD,5,FLOOD
547,SMALL STREAM AND URBAN FLOODIN,5,FLOOD
548,SMALL STREAM FLOOD,5,FLOOD
549,SMALL STREAM FLOODING,5,FLOOD
550,SMALL STREAM URBAN FLOOD,5,FLOOD
551,SMALL STREAM/URBAN FLOOD,5,FLOOD
552,SML STREAM FLD,5,FLOOD
553,SMOKE,6,DENSE SMOKE
554,SNOW,6,WINTER WEATHER
555,SNOW- HIGH WIND- WIND CHILL,6,HIGH WIND AND COLD/WIND CHILL AND WINTER WEATHER
556,SNOW ACCUMULATION,9,
557,SNOW ADVISORY,8,
558,SNOW AND COLD,6,WINTER WEATHER AND COLD/WIND CHILL
559,SNOW AND HEAVY SNOW,7,HEAVY SNOW
560,SNOW AND ICE,6,WINTER WEATHER
561,SNOW AND ICE STORM,6,WINTER WEATHER AND ICE STORM
562,SNOW AND SLEET,6,SLEET AND WINTER WEATHER
563,SNOW AND WIND,6,WINTER WEATHER AND HIGH WIND
564,SNOW DROUGHT,6,DROUGHT
565,SNOW FREEZING RAIN,6,WINTER WEATHER
566,SNOW SHOWERS,6,WINTER WEATHER
567,SNOW SLEET,6,SLEET AND WINTER WEATHER
568,SNOW SQUALL,6,WINTER WEATHER AND HIGH WIND
569,SNOW SQUALLS,6,WINTER WEATHER AND HIGH WIND
570,SNOW/ BITTER COLD,6,WINTER WEATHER AND EXTREME COLD/WIND CHILL
571,SNOW/ ICE,6,WINTER WEATHER
572,SNOW/BLOWING SNOW,6,WINTER WEATHER
573,SNOW/COLD,6,WINTER WEATHER AND COLD/WIND CHILL
574,SNOW/FREEZING RAIN,6,WINTER WEATHER
575,SNOW/HEAVY SNOW,6,HEAVY SNOW
576,SNOW/HIGH WINDS,6,WINTER WEATHER AND HIGH WIND
577,SNOW/ICE,6,WINTER WEATHER
578,SNOW/ICE STORM,6,WINTER WEATHER AND ICE STORM
579,SNOW/RAIN,6,WINTER WEATHER
580,SNOW/RAIN/SLEET,6,SLEET AND WINTER WEATHER
581,SNOW/SLEET,6,SLEET AND WINTER WEATHER
582,SNOW/SLEET/FREEZING RAIN,6,SLEET AND WINTER WEATHER
583,SNOW/SLEET/RAIN,6,SLEET AND WINTER WEATHER
584,SNOW\COLD,6,WINTER WEATHER AND COLD/WIND CHILL
585,SNOWFALL RECORD,9,
586,SNOWMELT FLOODING,5,FLOOD
587,SNOWSTORM,6,WINTER STORM
588,SOUTHEAST,9,
589,STORM FORCE WINDS,6,STRONG WIND
590,STORM SURGE,6,STORM SURGE/TIDE
591,STORM SURGE/TIDE,0,
592,STREAM FLOODING,5,FLOOD
593,STREET FLOOD,5,FLOOD
594,STREET FLOODING,5,FLOOD
595,STRONG WIND,0,
596,STRONG WIND GUST,5,STRONG WIND
597,STRONG WINDS,4,STRONG WIND
598,SUMMARY AUGUST 10,9,
599,SUMMARY AUGUST 11,9,
600,SUMMARY AUGUST 17,9,
601,SUMMARY AUGUST 2-3,9,
602,SUMMARY AUGUST 21,9,
603,SUMMARY AUGUST 28,9,
604,SUMMARY AUGUST 4,9,
605,SUMMARY AUGUST 7,9,
606,SUMMARY AUGUST 9,9,
607,SUMMARY JAN 17,9,
608,SUMMARY JULY 23-24,9,
609,SUMMARY JUNE 18-19,9,
610,SUMMARY JUNE 5-6,9,
611,SUMMARY JUNE 6,9,
612,SUMMARY OF APRIL 12,9,
613,SUMMARY OF APRIL 13,9,
614,SUMMARY OF APRIL 21,9,
615,SUMMARY OF APRIL 27,9,
616,SUMMARY OF APRIL 3RD,9,
617,SUMMARY OF AUGUST 1,9,
618,SUMMARY OF JULY 11,9,
619,SUMMARY OF JULY 2,9,
620,SUMMARY OF JULY 22,9,
621,SUMMARY OF JULY 26,9,
622,SUMMARY OF JULY 29,9,
623,SUMMARY OF JULY 3,9,
624,SUMMARY OF JUNE 10,9,
625,SUMMARY OF JUNE 11,9,
626,SUMMARY OF JUNE 12,9,
627,SUMMARY OF JUNE 13,9,
628,SUMMARY OF JUNE 15,9,
629,SUMMARY OF JUNE 16,9,
630,SUMMARY OF JUNE 18,9,
631,SUMMARY OF JUNE 23,9,
632,SUMMARY OF JUNE 24,9,
633,SUMMARY OF JUNE 3,9,
634,SUMMARY OF JUNE 30,9,
635,SUMMARY OF JUNE 4,9,
636,SUMMARY OF JUNE 6,9,
637,SUMMARY OF MARCH 14,9,
638,SUMMARY OF MARCH 23,9,
639,SUMMARY OF MARCH 24,9,
640,SUMMARY OF MARCH 24-25,9,
641,SUMMARY OF MARCH 27,9,
642,SUMMARY OF MARCH 29,9,
643,SUMMARY OF MAY 10,9,
644,SUMMARY OF MAY 13,9,
645,SUMMARY OF MAY 14,9,
646,SUMMARY OF MAY 22,9,
647,SUMMARY OF MAY 22 AM,9,
648,SUMMARY OF MAY 22 PM,9,
649,SUMMARY OF MAY 26 AM,9,
650,SUMMARY OF MAY 26 PM,9,
651,SUMMARY OF MAY 31 AM,9,
652,SUMMARY OF MAY 31 PM,9,
653,SUMMARY OF MAY 9-10,9,
654,SUMMARY SEPT. 25-26,9,
655,SUMMARY SEPTEMBER 20,9,
656,SUMMARY SEPTEMBER 23,9,
657,SUMMARY SEPTEMBER 3,9,
658,SUMMARY SEPTEMBER 4,9,
659,SUMMARY: NOV. 16,9,
660,SUMMARY: NOV. 6-7,9,
661,SUMMARY: OCT. 20-21,9,
662,SUMMARY: OCTOBER 31,9,
663,SUMMARY: SEPT. 18,9,
664,TEMPERATURE RECORD,9,
665,THUDERSTORM WINDS,4,THUNDERSTORM WIND
666,THUNDEERSTORM WINDS,4,THUNDERSTORM WIND
667,THUNDERESTORM WINDS,4,THUNDERSTORM WIND
668,THUNDERSNOW,6,WINTER STORM
669,THUNDERSNOW SHOWER,6,WINTER STORM
670,THUNDERSTORM,6,LIGHTNING
671,THUNDERSTORM  WINDS,4,THUNDERSTORM WIND
672,THUNDERSTORM DAMAGE,9,
673,THUNDERSTORM DAMAGE TO,9,
674,THUNDERSTORM HAIL,5,HAIL
675,THUNDERSTORM HEAVY RAIN,5,HEAVY RAIN
676,THUNDERSTORM W INDS,4,THUNDERSTORM WIND
677,THUNDERSTORM WIND,0,
678,THUNDERSTORM WIND  (G45),5,THUNDERSTORM WIND
679,THUNDERSTORM WIND (41),5,THUNDERSTORM WIND
680,THUNDERSTORM WIND (G35),5,THUNDERSTORM WIND
681,THUNDERSTORM WIND (G40),5,THUNDERSTORM WIND
682,THUNDERSTORM WIND (G45),5,THUNDERSTORM WIND
683,THUNDERSTORM WIND 40,5,THUNDERSTORM WIND
684,THUNDERSTORM WIND 45,5,THUNDERSTORM WIND
685,THUNDERSTORM WIND 50,5,THUNDERSTORM WIND
686,THUNDERSTORM WIND 51,5,THUNDERSTORM WIND
687,THUNDERSTORM WIND 52,5,THUNDERSTORM WIND
688,THUNDERSTORM WIND 55,5,THUNDERSTORM WIND
689,THUNDERSTORM WIND 56,5,THUNDERSTORM WIND
690,THUNDERSTORM WIND 59,5,THUNDERSTORM WIND
691,THUNDERSTORM WIND 59 MPH,5,THUNDERSTORM WIND
692,THUNDERSTORM WIND 59 MPH.,5,THUNDERSTORM WIND
693,THUNDERSTORM WIND 60 MPH,5,THUNDERSTORM WIND
694,THUNDERSTORM WIND 65 MPH,5,THUNDERSTORM WIND
695,THUNDERSTORM WIND 65),5,THUNDERSTORM WIND
696,THUNDERSTORM WIND 65MPH,5,THUNDERSTORM WIND
697,THUNDERSTORM WIND 69,5,THUNDERSTORM WIND
698,THUNDERSTORM WIND 98 MPH,5,THUNDERSTORM WIND
699,THUNDERSTORM WIND AND LIGHTNING,0,
700,THUNDERSTORM WIND DAMAGE,5,THUNDERSTORM WIND
701,THUNDERSTORM WIND G45,5,THUNDERSTORM WIND
702,THUNDERSTORM WIND G50,5,THUNDERSTORM WIND
703,THUNDERSTORM WIND G51,5,THUNDERSTORM WIND
704,THUNDERSTORM WIND G52,5,THUNDERSTORM WIND
705,THUNDERSTORM WIND G55,5,THUNDERSTORM WIND
706,THUNDERSTORM WIND G58,5,THUNDERSTORM WIND
707,THUNDERSTORM WIND G60,5,THUNDERSTORM WIND
708,THUNDERSTORM WIND G61,5,THUNDERSTORM WIND
709,THUNDERSTORM WIND TREES,5,THUNDERSTORM WIND
710,THUNDERSTORM WIND.,4,THUNDERSTORM WIND
711,THUNDERSTORM WIND/ TREE,5,THUNDERSTORM WIND
712,THUNDERSTORM WIND/ TREES,5,THUNDERSTORM WIND
713,THUNDERSTORM WIND/AWNING,5,THUNDERSTORM WIND
714,THUNDERSTORM WIND/HAIL,4,THUNDERSTORM WIND AND HAIL
715,THUNDERSTORM WIND/LIGHTNING,4,THUNDERSTORM WIND AND LIGHTNING
716,THUNDERSTORM WINDS,4,THUNDERSTORM WIND
717,THUNDERSTORM WINDS      LE CEN,4,THUNDERSTORM WIND
718,THUNDERSTORM WINDS 13,5,THUNDERSTORM WIND
719,THUNDERSTORM WINDS 2,5,THUNDERSTORM WIND
720,THUNDERSTORM WINDS 50,5,THUNDERSTORM WIND
721,THUNDERSTORM WINDS 52,5,THUNDERSTORM WIND
722,THUNDERSTORM WINDS 53,5,THUNDERSTORM WIND
723,THUNDERSTORM WINDS 60,5,THUNDERSTORM WIND
724,THUNDERSTORM WINDS 61,5,THUNDERSTORM WIND
725,THUNDERSTORM WINDS 62,5,THUNDERSTORM WIND
726,THUNDERSTORM WINDS 63 MPH,5,THUNDERSTORM WIND
727,THUNDERSTORM WINDS AND,0,
728,THUNDERSTORM WINDS FUNNEL CLOU,4,THUNDERSTORM WIND AND FUNNEL CLOUD
729,THUNDERSTORM WINDS G,4,THUNDERSTORM WIND
730,THUNDERSTORM WINDS G60,5,THUNDERSTORM WIND
731,THUNDERSTORM WINDS HAIL,4,THUNDERSTORM WIND AND HAIL
732,THUNDERSTORM WINDS HEAVY RAIN,4,THUNDERSTORM WIND AND HEAVY RAIN
733,THUNDERSTORM WINDS LIGHTNING,4,THUNDERSTORM WIND AND LIGHTNING
734,THUNDERSTORM WINDS SMALL STREA,6,THUNDERSTORM WIND AND FLOOD
735,THUNDERSTORM WINDS URBAN FLOOD,6,THUNDERSTORM WIND AND FLOOD
736,THUNDERSTORM WINDS.,4,THUNDERSTORM WIND
737,THUNDERSTORM WINDS/ FLOOD,4,THUNDERSTORM WIND AND FLOOD
738,THUNDERSTORM WINDS/ HAIL,4,THUNDERSTORM WIND AND HAIL
739,THUNDERSTORM WINDS/FLASH FLOOD,4,THUNDERSTORM WIND AND FLASH FLOOD
740,THUNDERSTORM WINDS/FLOODING,4,THUNDERSTORM WIND AND FLOOD
741,THUNDERSTORM WINDS/FUNNEL CLOU,4,THUNDERSTORM WIND AND FUNNEL CLOUD
742,THUNDERSTORM WINDS/HAIL,4,THUNDERSTORM WIND AND HAIL
743,THUNDERSTORM WINDS/HEAVY RAIN,4,THUNDERSTORM WIND AND HEAVY RAIN
744,THUNDERSTORM WINDS53,5,THUNDERSTORM WIND
745,THUNDERSTORM WINDSHAIL,4,THUNDERSTORM WIND AND HAIL
746,THUNDERSTORM WINDSS,4,THUNDERSTORM WIND
747,THUNDERSTORM WINS,4,THUNDERSTORM WIND
748,THUNDERSTORM WND,4,THUNDERSTORM WIND
749,THUNDERSTORMS,6,LIGHTNING
750,THUNDERSTORMS WIND,4,THUNDERSTORM WIND
751,THUNDERSTORMS WINDS,4,THUNDERSTORM WIND
752,THUNDERSTORMW,4,THUNDERSTORM WIND
753,THUNDERSTORMW 50,5,THUNDERSTORM WIND
754,THUNDERSTORMW WINDS,4,THUNDERSTORM WIND
755,THUNDERSTORMWINDS,4,THUNDERSTORM WIND
756,THUNDERSTROM WIND,4,THUNDERSTORM WIND
757,THUNDERSTROM WINDS,4,THUNDERSTORM WIND
758,THUNDERTORM WINDS,4,THUNDERSTORM WIND
759,THUNDERTSORM WIND,4,THUNDERSTORM WIND
760,THUNDESTORM WINDS,4,THUNDERSTORM WIND
761,THUNERSTORM WINDS,4,THUNDERSTORM WIND
762,TIDAL FLOOD,6,COASTAL FLOOD
763,TIDAL FLOODING,6,COASTAL FLOOD
764,TORNADO,0,
765,TORNADO DEBRIS,5,TORNADO
766,TORNADO F0,5,TORNADO
767,TORNADO F1,5,TORNADO
768,TORNADO F2,5,TORNADO
769,TORNADO F3,5,TORNADO
770,TORNADO/WATERSPOUT,4,TORNADO AND WATERSPOUT
771,TORNADOES,4,TORNADO
772,"TORNADOES, THUNDERSTORM WIND, HAIL",4,TORNADO AND THUNDERSTORM WIND AND HAIL
773,TORNADOS,4,TORNADO
774,TORNDAO,4,TORNADO
775,TORRENTIAL RAIN,6,HEAVY RAIN
776,TORRENTIAL RAINFALL,6,HEAVY RAIN
777,TROPICAL DEPRESSION,0,
778,TROPICAL STORM,0,
779,TROPICAL STORM ALBERTO,5,TROPICAL STORM
780,TROPICAL STORM DEAN,5,TROPICAL STORM
781,TROPICAL STORM GORDON,5,TROPICAL STORM
782,TROPICAL STORM JERRY,5,TROPICAL STORM
783,TSUNAMI,0,
784,TUNDERSTORM WIND,4,THUNDERSTORM WIND
785,TYPHOON,6,HURRICANE (TYPHOON)
786,UNSEASONABLE COLD,9,
787,UNSEASONABLY COLD,9,
788,UNSEASONABLY COOL,9,
789,UNSEASONABLY COOL & WET,9,
790,UNSEASONABLY DRY,9,
791,UNSEASONABLY HOT,9,
792,UNSEASONABLY WARM,9,
793,UNSEASONABLY WARM & WET,9,
794,UNSEASONABLY WARM AND DRY,9,
795,UNSEASONABLY WARM YEAR,9,
796,UNSEASONABLY WARM/WET,9,
797,UNSEASONABLY WET,9,
798,UNSEASONAL LOW TEMP,9,
799,UNSEASONAL RAIN,9,
800,UNUSUAL WARMTH,9,
801,UNUSUAL/RECORD WARMTH,6,HEAT
802,UNUSUALLY COLD,9,
803,UNUSUALLY LATE SNOW,6,WINTER WEATHER
804,UNUSUALLY WARM,9,
805,URBAN AND SMALL,5,FLOOD
806,URBAN AND SMALL STREAM,5,FLOOD
807,URBAN AND SMALL STREAM FLOOD,5,FLOOD
808,URBAN AND SMALL STREAM FLOODIN,5,FLOOD
809,URBAN FLOOD,5,FLOOD
810,URBAN FLOOD LANDSLIDE,6,FLOOD AND DEBRIS FLOW
811,URBAN FLOODING,5,FLOOD
812,URBAN FLOODS,5,FLOOD
813,URBAN SMALL,5,FLOOD
814,URBAN SMALL STREAM FLOOD,5,FLOOD
815,URBAN/SMALL,5,FLOOD
816,URBAN/SMALL FLOODING,5,FLOOD
817,URBAN/SMALL STREAM,5,FLOOD
818,URBAN/SMALL STREAM  FLOOD,5,FLOOD
819,URBAN/SMALL STREAM FLOOD,5,FLOOD
820,URBAN/SMALL STREAM FLOODING,5,FLOOD
821,URBAN/SMALL STRM FLDG,5,FLOOD
822,URBAN/SML STREAM FLD,5,FLOOD
823,URBAN/SML STREAM FLDG,5,FLOOD
824,URBAN/STREET FLOODING,5,FLOOD
825,VERY DRY,9,
826,VERY WARM,6,HEAT
827,VOG,9,
828,VOLCANIC ASH,0,
829,VOLCANIC ASH PLUME,5,VOLCANIC ASH
830,VOLCANIC ASHFALL,5,VOLCANIC ASH
831,VOLCANIC ERUPTION,5,VOLCANIC ASH
832,WAKE LOW WIND,9,
833,WALL CLOUD,8,
834,WALL CLOUD/FUNNEL CLOUD,5,FUNNEL CLOUD
835,WARM DRY CONDITIONS,8,
836,WARM WEATHER,8,
837,WATER SPOUT,4,WATERSPOUT
838,WATERSPOUT,0,
839,WATERSPOUT-,4,WATERSPOUT
840,WATERSPOUT-TORNADO,4,WATERSPOUT AND TORNADO
841,WATERSPOUT FUNNEL CLOUD,0,
842,WATERSPOUT TORNADO,0,
843,WATERSPOUT/,4,WATERSPOUT
844,WATERSPOUT/ TORNADO,4,WATERSPOUT AND TORNADO
845,WATERSPOUT/TORNADO,4,WATERSPOUT AND TORNADO
846,WATERSPOUTS,4,WATERSPOUT
847,WAYTERSPOUT,4,WATERSPOUT
848,WET MICOBURST,6,THUNDERSTORM WIND
849,WET MICROBURST,6,THUNDERSTORM WIND
850,WET MONTH,8,
851,WET SNOW,6,WINTER WEATHER
852,WET WEATHER,8,
853,WET YEAR,8,
854,WHIRLWIND,8,
855,WILD FIRES,4,WILDFIRE
856,WILD/FOREST FIRE,6,WILDFIRE
857,WILD/FOREST FIRES,6,WILDFIRE
858,WILDFIRE,0,
859,WILDFIRES,4,WILDFIRE
860,WIND,6,HIGH WIND
861,WIND ADVISORY,8,
862,WIND AND WAVE,6,HIGH WIND
863,WIND CHILL,6,COLD/WIND CHILL
864,WIND CHILL/HIGH WIND,6,COLD/WIND CHILL AND HIGH WIND
865,WIND DAMAGE,5,HIGH WIND
866,WIND GUSTS,6,HIGH WIND
867,WIND STORM,6,HIGH WIND
868,WIND/HAIL,6,HIGH WIND AND HAIL
869,WINDS,6,HIGH WIND
870,WINTER MIX,6,WINTER WEATHER
871,WINTER STORM,0,
872,WINTER STORM HIGH WINDS,4,WINTER STORM AND HIGH WIND
873,WINTER STORM/HIGH WIND,4,WINTER STORM AND HIGH WIND
874,WINTER STORM/HIGH WINDS,4,WINTER STORM AND HIGH WIND
875,WINTER STORMS,4,WINTER STORM
876,WINTER WEATHER,0,
877,WINTER WEATHER MIX,5,WINTER WEATHER
878,WINTER WEATHER/MIX,5,WINTER WEATHER
879,WINTERY MIX,6,WINTER WEATHER
880,WINTRY MIX,6,WINTER WEATHER
881,WND,6,HIGH WIND
